{"cameraMode":{"drawMode":0,"name":"Shaded","section":"Shading Mode"},"sceneLighting":true,"audioPlay":false,"sceneViewState":{"showFog":true,"showMaterialUpdate":false,"showSkybox":true,"showFlares":true,"showImageEffects":true,"showParticleSystems":true},"in2DMode":false,"pivot":{"x":630.0806274414063,"y":60.31935119628906,"z":698.7818603515625},"rotation":{"x":0.48678508400917055,"y":0.24471256136894227,"z":-0.14420095086097718,"w":0.8260636925697327},"size":193.69119262695313,"orthographic":false}