{"cameraMode":{"drawMode":0,"name":"Shaded","section":"Shading Mode"},"sceneLighting":true,"audioPlay":false,"sceneViewState":{"showFog":true,"showMaterialUpdate":false,"showSkybox":true,"showFlares":true,"showImageEffects":true,"showParticleSystems":true},"in2DMode":false,"pivot":{"x":2453.830078125,"y":48.94900131225586,"z":5505.5},"rotation":{"x":-0.1058221310377121,"y":-0.09412872046232224,"z":0.01006296370178461,"w":-0.9898774027824402},"size":58.022422790527347,"orthographic":false}