{"cameraMode":{"drawMode":0,"name":"Shaded","section":"Shading Mode"},"sceneLighting":true,"audioPlay":false,"sceneViewState":{"showFog":true,"showMaterialUpdate":false,"showSkybox":true,"showFlares":true,"showImageEffects":true,"showParticleSystems":true},"in2DMode":false,"pivot":{"x":45.78816604614258,"y":-20.744049072265626,"z":-21.06005859375},"rotation":{"x":0.2586165964603424,"y":0.046345558017492297,"z":-0.012423068284988404,"w":0.9647892117500305},"size":111.3287353515625,"orthographic":false}