{"cameraMode":{"drawMode":0,"name":"Shaded","section":"Shading Mode"},"sceneLighting":true,"audioPlay":false,"sceneViewState":{"showFog":true,"showMaterialUpdate":false,"showSkybox":true,"showFlares":true,"showImageEffects":true,"showParticleSystems":true},"in2DMode":false,"pivot":{"x":630.0139770507813,"y":19.023117065429689,"z":600.8321533203125},"rotation":{"x":0.5482461452484131,"y":0.02257353439927101,"z":-0.014807919971644879,"w":0.8358877301216126},"size":333.9508972167969,"orthographic":false}