{"cameraMode":{"drawMode":0,"name":"Shaded","section":"Shading Mode"},"sceneLighting":true,"audioPlay":false,"sceneViewState":{"showFog":true,"showMaterialUpdate":false,"showSkybox":true,"showFlares":true,"showImageEffects":true,"showParticleSystems":true},"in2DMode":false,"pivot":{"x":602.8594970703125,"y":28.8072509765625,"z":598.1541748046875},"rotation":{"x":0.3461029827594757,"y":0.17445513606071473,"z":-0.06566501408815384,"w":0.9194979667663574},"size":1255.8516845703125,"orthographic":false}